{
  "feat_cols": [
    "P_used_roll_60s",
    "P_used",
    "speed_kmh_clean",
    "grade_roll_2m"
  ],
  "scaler_mean": [
    157.22243734222695,
    157.4038677964433,
    27.407945888699498,
    0.0023429907802025446
  ],
  "scaler_scale": [
    136.7341177551476,
    145.75702811101087,
    10.521560602937445,
    0.017983748332784006
  ],
  "intercept": 139.92472137258733,
  "coef": [
    1.6902821211002974,
    3.7997547045509705,
    0.9600943809997298,
    2.8649969898395518
  ],
  "model_type": "huber_global_app"
}